103,952,1708,2215,2432,2537,2152,1602,870,3,-818,-1499,-1992,-2231,-2194,-1755,-1234,-525,367,1227,1881,2369,2544,2420,2024,1413,567,-244,-1063,-1657,-2120,-2293,-2115,-1610,-905,-136,648,1402,2071,2438,2499,2217,1783,1134,319,-542,-1245,-1872,-2256,-2196,-1966,-1432,-797,110,885,1670,2245,2525,2500,2211,1556,882,39,-794
1002,-2006,-4405,-4133,-2424,-427,-41,-1440,-2196,-2520,-729,1222,2342,2795,2394,271,-2783,-4251,-3921,-1016,-200,-745,-2216,-2447,-1224,-84,1783,2937,2863,1627,-1159,-3932,-4145,-2689,-833,56,-1363,-2497,-2513,-790,599,2489,3095,2402,453,-2292,-4287,-3696,-1637,-268,-579,-1565,-2854,-1914,-606,1858,2564,2845,1848,-652,-3195,-4593,-2915,-1111
-1006,-824,-512,-161,145,226,241,-47,-339,-702,-903,-1131,-1146,-922,-666,-317,43,183,265,135,-109,-443,-762,-1068,-1110,-1117,-848,-458,-137,79,170,228,36,-321,-639,-921,-1118,-1112,-912,-705,-367,11,128,213,117,-195,-481,-815,-1073,-1134,-1082,-803,-478,-142,197,196,179,20,-275,-625,-911,-1073,-1145,-987
-3965,-4802,-3008,-269,2258,2267,261,-1418,-782,-316,199,-1004,-2263,-3753,-4607,-4582,-3191,-928,1376,1891,286,-771,-1024,-423,540,-1239,-2402,-3404,-3979,-4974,-3911,-1181,1365,2318,1031,-586,-1191,-129,454,-815,-2097,-2862,-4219,-4761,-4006,-1975,1206,2232,1286,-287,-1372,-469,591,-625,-1615,-3137,-3924,-4498,-4271,-2357,567,2537,1717,-323
-387,-458,-597,-930,-1311,-1783,-2183,-2478,-2676,-2646,-2500,-2287,-1899,-1542,-1054,-771,-465,-337,-425,-661,-894,-1315,-1767,-2035,-2389,-2628,-2716,-2527,-2379,-1982,-1548,-1189,-798,-611,-444,-425,-624,-815,-1254,-1659,-2015,-2410,-2611,-2672,-2532,-2326,-2044,-1612,-1113,-846,-565,-410,-382,-532,-856,-1187,-1613,-1974,-2344,-2543,-2683,-2659,-2437,-2057
-2692,-2490,-2235,-1656,-1679,-692,478,1120,1047,-319,-1987,-2457,-1866,-1140,-921,-1603,-2350,-2429,-2060,-1841,-1500,-1054,-105,1067,1340,218,-1556,-2279,-2226,-1188,-888,-1418,-2060,-2579,-1919,-2297,-1337,-1351,-377,924,1532,614,-1062,-2503,-1899,-1213,-1036,-1217,-1550,-2492,-2525,-1928,-1788,-1958,-828,980,1581,1062,-258,-1704,-2377,-1695,-1003,-1039
-1769,-2510,-3104,-3383,-3499,-3300,-2790,-2172,-1400,-621,129,766,1161,1286,1123,759,144,-624,-1409,-2192,-2835,-3327,-3494,-3395,-3087,-2463,-1696,-956,-197,532,1042,1278,1292,958,515,-264,-1032,-1845,-2605,-3100,-3490,-3480,-3236,-2687,-2135,-1253,-486,265,848,1233,1297,1095,715,24,-743,-1522,-2272,-2852,-3364,-3552,-3417,-2984,-2364,-1629
-659,-929,387,1727,1440,-611,-1407,-1858,-2551,-2113,-666,614,191,-780,-629,937,1673,1275,-673,-1365,-1717,-2475,-2026,-1106,365,341,-575,-865,529,1794,1249,-593,-1232,-1706,-2757,-2411,-1059,529,248,-740,-786,722,1850,1103,-160,-1403,-1840,-2170,-2399,-855,521,179,-520,-801,758,1811,1130,-471,-1303,-1875,-2358,-2228,-982,416
-661,-1411,-2079,-2448,-2476,-2063,-1517,-604,178,673,914,766,326,-390,-1204,-1982,-2362,-2534,-2234,-1595,-865,-121,551,862,825,419,-282,-1043,-1776,-2319,-2476,-2359,-1759,-1055,-187,418,812,887,555,-71,-804,-1602,-2163,-2488,-2418,-1949,-1284,-401,208,761,976,644,114,-607,-1394,-2137,-2421,-2514,-2118,-1417,-674,119,580,962
-1086,490,948,1666,1330,452,-948,-1682,-2128,-3180,-3117,-2913,-1957,-4,1155,653,-303,-826,-915,458,1545,1992,1267,57,-1186,-1363,-2461,-3057,-3137,-2537,-884,613,1079,536,-362,-1308,-785,282,1529,1607,688,-537,-987,-1679,-2367,-2851,-3035,-2369,-744,965,1318,375,-656,-1079,-506,1332,2098,1606,539,-514,-1401,-2111,-2477,-2926
1353,823,175,-387,-857,-1208,-1386,-1364,-1133,-599,-5,546,1126,1586,1878,1906,1831,1386,942,328,-306,-724,-1165,-1337,-1326,-1154,-682,-94,401,1002,1495,1788,1938,1832,1550,1102,490,-134,-656,-1096,-1295,-1445,-1224,-835,-300,282,888,1385,1725,1937,1915,1642,1132,629,-37,-623,-1012,-1310,-1434,-1277,-845,-337,201,767
2877,3223,4049,4328,3038,-180,-2985,-3516,-1405,820,2536,2542,1479,2050,2398,2947,3087,2854,3199,4301,4483,2701,-749,-3067,-3332,-1077,1399,2537,2204,1569,1813,2462,3128,3057,2700,3473,4585,4383,2031,-958,-3474,-3293,-674,1816,2464,2124,1438,1993,2593,3216,3097,2772,3377,4656,4363,1453,-1615,-3462,-2808,-479,1851,2418,2016,1581
648,571,679,876,1225,1589,1879,2065,2041,1959,1649,1215,858,664,575,572,873,1273,1668,1921,2051,2092,1828,1578,1191,864,622,571,700,863,1274,1696,1955,2016,2057,1811,1537,1115,789,609,499,680,936,1290,1716,2001,2062,2009,1833,1446,1081,728,680,485,686,949,1342,1723,1962,2071,1980,1818,1429,1051
2363,3456,3450,2795,2303,929,-1602,-2867,-851,2898,4434,3270,2642,3316,3805,3622,2061,1271,-457,-3078,-2020,1780,4004,3962,2579,2384,3542,3503,2675,2141,194,-2126,-2752,-522,3137,4169,3197,2401,3178,3797,2765,1770,1155,-995,-2831,-1850,2221,3794,3973,2510,2853,3920,3280,2542,1456,144,-2092,-2554,396,3483,4297,2547,2544,3403
-22,1051,2258,3251,3954,4103,3721,2908,1827,673,-314,-983,-1060,-606,193,1307,2541,3478,4034,4013,3617,2640,1527,352,-530,-1039,-986,-402,467,1700,2821,3657,4122,3967,3351,2339,1180,51,-725,-1103,-859,-190,747,1952,3066,3763,4129,3888,3135,2105,880,-147,-898,-1106,-728,11,1146,2303,3275,3964,4178,3655,2956,1755
495,653,1387,1805,1394,203,42,683,1671,3021,3557,3195,1602,456,638,1392,1477,826,142,62,776,1718,3040,3152,2668,1673,1016,1089,1452,1676,1058,24,591,798,2138,3372,3493,2543,776,346,776,1817,1614,250,430,314,1458,1843,3398,3456,2275,710,526,923,1723,1363,304,-234,540,1041,2543,2995,3521,2342
0,0,0,0,0,0,0,0,0,0,0,0,0,0,0,0,0,0,0,0,0,0,0,0,0,0,0,0,0,0,0,0,0,0,0,0,0,0,0,0,0,0,0,0,0,0,0,0,0,0,0,0,0,0,0,0,0,0,0,0,0,0,0,0
32767,32767,32767,32767,32767,32767,32767,32767,32767,32767,32767,32767,32767,32767,32767,32767,32767,32767,32767,32767,32767,32767,32767,32767,32767,32767,32767,32767,32767,32767,32767,32767,32767,32767,32767,32767,32767,32767,32767,32767,32767,32767,32767,32767,32767,32767,32767,32767,32767,32767,32767,32767,32767,32767,32767,32767,32767,32767,32767,32767,32767,32767,32767,32767
-32768,-32768,-32768,-32768,-32768,-32768,-32768,-32768,-32768,-32768,-32768,-32768,-32768,-32768,-32768,-32768,-32768,-32768,-32768,-32768,-32768,-32768,-32768,-32768,-32768,-32768,-32768,-32768,-32768,-32768,-32768,-32768,-32768,-32768,-32768,-32768,-32768,-32768,-32768,-32768,-32768,-32768,-32768,-32768,-32768,-32768,-32768,-32768,-32768,-32768,-32768,-32768,-32768,-32768,-32768,-32768,-32768,-32768,-32768,-32768,-32768,-32768,-32768,-32768
32767,0,0,0,0,0,0,0,0,0,0,0,0,0,0,0,0,0,0,0,0,0,0,0,0,0,0,0,0,0,0,0,0,0,0,0,0,0,0,0,0,0,0,0,0,0,0,0,0,0,0,0,0,0,0,0,0,0,0,0,0,0,0,0
