run_id,label,condition,window,sample_index,raw_x,dt_us,host_time_s
abnormal_pilot_01,1,abnormal,0,0,16364,0,1789344936.653324
abnormal_pilot_01,1,abnormal,0,1,16468,1000,1789344936.653324
abnormal_pilot_01,1,abnormal,0,2,16480,998,1789344936.653324
abnormal_pilot_01,1,abnormal,0,3,16368,999,1789344936.653324
abnormal_pilot_01,1,abnormal,0,4,16468,998,1789344936.653324
abnormal_pilot_01,1,abnormal,0,5,16468,1002,1789344936.653324
abnormal_pilot_01,1,abnormal,0,6,16432,996,1789344936.653324
abnormal_pilot_01,1,abnormal,0,7,16440,1000,1789344936.653324
abnormal_pilot_01,1,abnormal,0,8,16424,1003,1789344936.653324
abnormal_pilot_01,1,abnormal,0,9,16476,996,1789344936.653324
abnormal_pilot_01,1,abnormal,0,10,16392,1001,1789344936.653324
abnormal_pilot_01,1,abnormal,0,11,16388,997,1789344936.653324
abnormal_pilot_01,1,abnormal,0,12,16400,997,1789344936.653324
abnormal_pilot_01,1,abnormal,0,13,16384,1000,1789344936.653324
abnormal_pilot_01,1,abnormal,0,14,16392,998,1789344936.653324
abnormal_pilot_01,1,abnormal,0,15,16396,1000,1789344936.653324
abnormal_pilot_01,1,abnormal,0,16,16444,1002,1789344936.653324
abnormal_pilot_01,1,abnormal,0,17,16416,997,1789344936.653324
abnormal_pilot_01,1,abnormal,0,18,16444,1000,1789344936.653324
abnormal_pilot_01,1,abnormal,0,19,16436,1001,1789344936.653324
abnormal_pilot_01,1,abnormal,0,20,16408,994,1789344936.653324
abnormal_pilot_01,1,abnormal,0,21,16440,999,1789344936.653324
abnormal_pilot_01,1,abnormal,0,22,16420,1001,1789344936.653324
abnormal_pilot_01,1,abnormal,0,23,16392,1000,1789344936.653324
abnormal_pilot_01,1,abnormal,0,24,16396,999,1789344936.653324
abnormal_pilot_01,1,abnormal,0,25,16392,995,1789344936.653324
abnormal_pilot_01,1,abnormal,0,26,16400,1000,1789344936.653324
abnormal_pilot_01,1,abnormal,0,27,16408,998,1789344936.653324
abnormal_pilot_01,1,abnormal,0,28,16456,1001,1789344936.653324
abnormal_pilot_01,1,abnormal,0,29,16400,1000,1789344936.653324
abnormal_pilot_01,1,abnormal,0,30,16380,997,1789344936.653324
abnormal_pilot_01,1,abnormal,0,31,16404,1001,1789344936.653324
abnormal_pilot_01,1,abnormal,0,32,16444,995,1789344936.653324
abnormal_pilot_01,1,abnormal,0,33,16436,1001,1789344936.653324
abnormal_pilot_01,1,abnormal,0,34,16372,997,1789344936.653324
abnormal_pilot_01,1,abnormal,0,35,16404,1003,1789344936.653324
abnormal_pilot_01,1,abnormal,0,36,16376,998,1789344936.653324
abnormal_pilot_01,1,abnormal,0,37,16468,996,1789344936.653324
abnormal_pilot_01,1,abnormal,0,38,16384,1002,1789344936.653324
abnormal_pilot_01,1,abnormal,0,39,16404,1000,1789344936.653324
abnormal_pilot_01,1,abnormal,0,40,16412,995,1789344936.653324
abnormal_pilot_01,1,abnormal,0,41,16404,1003,1789344936.653324
abnormal_pilot_01,1,abnormal,0,42,16416,995,1789344936.653324
abnormal_pilot_01,1,abnormal,0,43,16444,1001,1789344936.653324
abnormal_pilot_01,1,abnormal,0,44,16408,997,1789344936.653324
abnormal_pilot_01,1,abnormal,0,45,16412,997,1789344936.653324
abnormal_pilot_01,1,abnormal,0,46,16436,1003,1789344936.653324
abnormal_pilot_01,1,abnormal,0,47,16392,998,1789344936.653324
abnormal_pilot_01,1,abnormal,0,48,16448,998,1789344936.653324
abnormal_pilot_01,1,abnormal,0,49,16452,997,1789344936.653324
abnormal_pilot_01,1,abnormal,0,50,16368,1002,1789344936.653324
abnormal_pilot_01,1,abnormal,0,51,16432,1000,1789344936.653324
abnormal_pilot_01,1,abnormal,0,52,16408,995,1789344936.653324
abnormal_pilot_01,1,abnormal,0,53,16428,1002,1789344936.653324
abnormal_pilot_01,1,abnormal,0,54,16488,1000,1789344936.653324
abnormal_pilot_01,1,abnormal,0,55,16484,997,1789344936.653324
abnormal_pilot_01,1,abnormal,0,56,16472,999,1789344936.653324
abnormal_pilot_01,1,abnormal,0,57,16432,1000,1789344936.653324
abnormal_pilot_01,1,abnormal,0,58,16488,998,1789344936.653324
abnormal_pilot_01,1,abnormal,0,59,16420,999,1789344936.653324
abnormal_pilot_01,1,abnormal,0,60,16408,995,1789344936.653324
abnormal_pilot_01,1,abnormal,0,61,16412,1002,1789344936.653324
abnormal_pilot_01,1,abnormal,0,62,16452,997,1789344936.653324
abnormal_pilot_01,1,abnormal,0,63,16428,1000,1789344936.653324
abnormal_pilot_01,1,abnormal,1,0,16392,0,1789344937.036798
abnormal_pilot_01,1,abnormal,1,1,16388,1000,1789344937.036798
abnormal_pilot_01,1,abnormal,1,2,16416,1002,1789344937.036798
abnormal_pilot_01,1,abnormal,1,3,16380,1000,1789344937.036798
abnormal_pilot_01,1,abnormal,1,4,16476,995,1789344937.036798
abnormal_pilot_01,1,abnormal,1,5,16456,1003,1789344937.036798
abnormal_pilot_01,1,abnormal,1,6,16380,999,1789344937.036798
abnormal_pilot_01,1,abnormal,1,7,16416,997,1789344937.036798
abnormal_pilot_01,1,abnormal,1,8,16400,996,1789344937.036798
abnormal_pilot_01,1,abnormal,1,9,16436,1001,1789344937.036798
abnormal_pilot_01,1,abnormal,1,10,16424,999,1789344937.036798
abnormal_pilot_01,1,abnormal,1,11,16344,996,1789344937.036798
abnormal_pilot_01,1,abnormal,1,12,16376,1000,1789344937.036798
abnormal_pilot_01,1,abnormal,1,13,16444,1001,1789344937.036798
abnormal_pilot_01,1,abnormal,1,14,16448,994,1789344937.036798
abnormal_pilot_01,1,abnormal,1,15,16372,1001,1789344937.036798
abnormal_pilot_01,1,abnormal,1,16,16452,998,1789344937.036798
abnormal_pilot_01,1,abnormal,1,17,16448,1001,1789344937.036798
abnormal_pilot_01,1,abnormal,1,18,16468,997,1789344937.036798
abnormal_pilot_01,1,abnormal,1,19,16440,999,1789344937.036798
abnormal_pilot_01,1,abnormal,1,20,16448,997,1789344937.036798
abnormal_pilot_01,1,abnormal,1,21,16412,1000,1789344937.036798
abnormal_pilot_01,1,abnormal,1,22,16464,998,1789344937.036798
abnormal_pilot_01,1,abnormal,1,23,16428,1000,1789344937.036798
abnormal_pilot_01,1,abnormal,1,24,16432,999,1789344937.036798
abnormal_pilot_01,1,abnormal,1,25,16444,999,1789344937.036798
abnormal_pilot_01,1,abnormal,1,26,16452,997,1789344937.036798
abnormal_pilot_01,1,abnormal,1,27,16408,1000,1789344937.036798
abnormal_pilot_01,1,abnormal,1,28,16416,999,1789344937.036798
abnormal_pilot_01,1,abnormal,1,29,16428,999,1789344937.036798
abnormal_pilot_01,1,abnormal,1,30,16404,999,1789344937.036798
abnormal_pilot_01,1,abnormal,1,31,16500,1000,1789344937.036798
abnormal_pilot_01,1,abnormal,1,32,16452,998,1789344937.036798
abnormal_pilot_01,1,abnormal,1,33,16428,1000,1789344937.036798
abnormal_pilot_01,1,abnormal,1,34,16412,998,1789344937.036798
abnormal_pilot_01,1,abnormal,1,35,16456,998,1789344937.036798
abnormal_pilot_01,1,abnormal,1,36,16372,999,1789344937.036798
abnormal_pilot_01,1,abnormal,1,37,16436,1002,1789344937.036798
abnormal_pilot_01,1,abnormal,1,38,16408,997,1789344937.036798
abnormal_pilot_01,1,abnormal,1,39,16420,999,1789344937.036798
abnormal_pilot_01,1,abnormal,1,40,16416,996,1789344937.036798
abnormal_pilot_01,1,abnormal,1,41,16464,1002,1789344937.036798
abnormal_pilot_01,1,abnormal,1,42,16392,997,1789344937.036798
abnormal_pilot_01,1,abnormal,1,43,16428,1001,1789344937.036798
abnormal_pilot_01,1,abnormal,1,44,16436,999,1789344937.036798
abnormal_pilot_01,1,abnormal,1,45,16420,998,1789344937.036798
abnormal_pilot_01,1,abnormal,1,46,16360,999,1789344937.036798
abnormal_pilot_01,1,abnormal,1,47,16448,1000,1789344937.036798
abnormal_pilot_01,1,abnormal,1,48,16456,995,1789344937.036798
abnormal_pilot_01,1,abnormal,1,49,16484,1000,1789344937.036798
abnormal_pilot_01,1,abnormal,1,50,16388,1001,1789344937.036798
abnormal_pilot_01,1,abnormal,1,51,16436,995,1789344937.036798
abnormal_pilot_01,1,abnormal,1,52,16432,1001,1789344937.036798
abnormal_pilot_01,1,abnormal,1,53,16388,997,1789344937.036798
abnormal_pilot_01,1,abnormal,1,54,16344,1000,1789344937.036798
abnormal_pilot_01,1,abnormal,1,55,16408,996,1789344937.036798
abnormal_pilot_01,1,abnormal,1,56,16416,1001,1789344937.036798
abnormal_pilot_01,1,abnormal,1,57,16412,1000,1789344937.036798
abnormal_pilot_01,1,abnormal,1,58,16404,999,1789344937.036798
abnormal_pilot_01,1,abnormal,1,59,16396,998,1789344937.036798
abnormal_pilot_01,1,abnormal,1,60,16392,999,1789344937.036798
abnormal_pilot_01,1,abnormal,1,61,16364,997,1789344937.036798
abnormal_pilot_01,1,abnormal,1,62,16400,999,1789344937.036798
abnormal_pilot_01,1,abnormal,1,63,16464,999,1789344937.036798
abnormal_pilot_01,1,abnormal,2,0,16412,0,1789344937.420890
abnormal_pilot_01,1,abnormal,2,1,16380,996,1789344937.420890
abnormal_pilot_01,1,abnormal,2,2,16444,997,1789344937.420890
abnormal_pilot_01,1,abnormal,2,3,16460,1001,1789344937.420890
abnormal_pilot_01,1,abnormal,2,4,16452,998,1789344937.420890
abnormal_pilot_01,1,abnormal,2,5,16412,999,1789344937.420890
abnormal_pilot_01,1,abnormal,2,6,16400,1002,1789344937.420890
abnormal_pilot_01,1,abnormal,2,7,16432,998,1789344937.420890
abnormal_pilot_01,1,abnormal,2,8,16472,995,1789344937.420890
abnormal_pilot_01,1,abnormal,2,9,16412,999,1789344937.420890
abnormal_pilot_01,1,abnormal,2,10,16416,1002,1789344937.420890
abnormal_pilot_01,1,abnormal,2,11,16440,1001,1789344937.420890
abnormal_pilot_01,1,abnormal,2,12,16436,997,1789344937.420890
abnormal_pilot_01,1,abnormal,2,13,16428,999,1789344937.420890
abnormal_pilot_01,1,abnormal,2,14,16448,1001,1789344937.420890
abnormal_pilot_01,1,abnormal,2,15,16376,995,1789344937.420890
abnormal_pilot_01,1,abnormal,2,16,16432,997,1789344937.420890
abnormal_pilot_01,1,abnormal,2,17,16460,1004,1789344937.420890
abnormal_pilot_01,1,abnormal,2,18,16484,997,1789344937.420890
abnormal_pilot_01,1,abnormal,2,19,16420,1000,1789344937.420890
abnormal_pilot_01,1,abnormal,2,20,16424,999,1789344937.420890
abnormal_pilot_01,1,abnormal,2,21,16340,998,1789344937.420890
abnormal_pilot_01,1,abnormal,2,22,16420,997,1789344937.420890
abnormal_pilot_01,1,abnormal,2,23,16372,1000,1789344937.420890
abnormal_pilot_01,1,abnormal,2,24,16392,999,1789344937.420890
abnormal_pilot_01,1,abnormal,2,25,16476,997,1789344937.420890
abnormal_pilot_01,1,abnormal,2,26,16472,1002,1789344937.420890
abnormal_pilot_01,1,abnormal,2,27,16412,1000,1789344937.420890
abnormal_pilot_01,1,abnormal,2,28,16472,998,1789344937.420890
abnormal_pilot_01,1,abnormal,2,29,16468,995,1789344937.420890
abnormal_pilot_01,1,abnormal,2,30,16440,1001,1789344937.420890
abnormal_pilot_01,1,abnormal,2,31,16356,1001,1789344937.420890
abnormal_pilot_01,1,abnormal,2,32,16444,997,1789344937.420890
abnormal_pilot_01,1,abnormal,2,33,16404,996,1789344937.420890
abnormal_pilot_01,1,abnormal,2,34,16396,1001,1789344937.420890
abnormal_pilot_01,1,abnormal,2,35,16476,997,1789344937.420890
abnormal_pilot_01,1,abnormal,2,36,16408,1003,1789344937.420890
abnormal_pilot_01,1,abnormal,2,37,16464,999,1789344937.420890
abnormal_pilot_01,1,abnormal,2,38,16364,998,1789344937.420890
abnormal_pilot_01,1,abnormal,2,39,16412,1000,1789344937.420890
abnormal_pilot_01,1,abnormal,2,40,16456,993,1789344937.420890
abnormal_pilot_01,1,abnormal,2,41,16412,1001,1789344937.420890
abnormal_pilot_01,1,abnormal,2,42,16432,1001,1789344937.420890
abnormal_pilot_01,1,abnormal,2,43,16392,996,1789344937.420890
abnormal_pilot_01,1,abnormal,2,44,16388,1001,1789344937.420890
abnormal_pilot_01,1,abnormal,2,45,16440,995,1789344937.420890
abnormal_pilot_01,1,abnormal,2,46,16408,1000,1789344937.420890
abnormal_pilot_01,1,abnormal,2,47,16400,1000,1789344937.420890
abnormal_pilot_01,1,abnormal,2,48,16448,999,1789344937.420890
abnormal_pilot_01,1,abnormal,2,49,16420,1000,1789344937.420890
abnormal_pilot_01,1,abnormal,2,50,16440,999,1789344937.420890
abnormal_pilot_01,1,abnormal,2,51,16420,998,1789344937.420890
abnormal_pilot_01,1,abnormal,2,52,16444,996,1789344937.420890
abnormal_pilot_01,1,abnormal,2,53,16416,1000,1789344937.420890
abnormal_pilot_01,1,abnormal,2,54,16428,1000,1789344937.420890
abnormal_pilot_01,1,abnormal,2,55,16468,996,1789344937.420890
abnormal_pilot_01,1,abnormal,2,56,16392,1002,1789344937.420890
abnormal_pilot_01,1,abnormal,2,57,16428,999,1789344937.420890
abnormal_pilot_01,1,abnormal,2,58,16516,998,1789344937.420890
abnormal_pilot_01,1,abnormal,2,59,16420,998,1789344937.420890
abnormal_pilot_01,1,abnormal,2,60,16444,1000,1789344937.420890
abnormal_pilot_01,1,abnormal,2,61,16392,998,1789344937.420890
abnormal_pilot_01,1,abnormal,2,62,16436,998,1789344937.420890
abnormal_pilot_01,1,abnormal,2,63,16376,1001,1789344937.420890
abnormal_pilot_01,1,abnormal,3,0,16388,0,1789344937.804492
abnormal_pilot_01,1,abnormal,3,1,16476,998,1789344937.804492
abnormal_pilot_01,1,abnormal,3,2,16452,999,1789344937.804492
abnormal_pilot_01,1,abnormal,3,3,16408,1000,1789344937.804492
abnormal_pilot_01,1,abnormal,3,4,16396,997,1789344937.804492
abnormal_pilot_01,1,abnormal,3,5,16456,1003,1789344937.804492
abnormal_pilot_01,1,abnormal,3,6,16436,1000,1789344937.804492
abnormal_pilot_01,1,abnormal,3,7,16440,997,1789344937.804492
abnormal_pilot_01,1,abnormal,3,8,16472,997,1789344937.804492
abnormal_pilot_01,1,abnormal,3,9,16432,999,1789344937.804492
abnormal_pilot_01,1,abnormal,3,10,16420,1000,1789344937.804492
abnormal_pilot_01,1,abnormal,3,11,16432,1001,1789344937.804492
abnormal_pilot_01,1,abnormal,3,12,16432,995,1789344937.804492
abnormal_pilot_01,1,abnormal,3,13,16420,1000,1789344937.804492
abnormal_pilot_01,1,abnormal,3,14,16432,998,1789344937.804492
abnormal_pilot_01,1,abnormal,3,15,16464,998,1789344937.804492
abnormal_pilot_01,1,abnormal,3,16,16384,1002,1789344937.804492
abnormal_pilot_01,1,abnormal,3,17,16384,1000,1789344937.804492
abnormal_pilot_01,1,abnormal,3,18,16464,995,1789344937.804492
abnormal_pilot_01,1,abnormal,3,19,16444,1003,1789344937.804492
abnormal_pilot_01,1,abnormal,3,20,16456,996,1789344937.804492
abnormal_pilot_01,1,abnormal,3,21,16364,998,1789344937.804492
abnormal_pilot_01,1,abnormal,3,22,16480,1002,1789344937.804492
abnormal_pilot_01,1,abnormal,3,23,16396,998,1789344937.804492
abnormal_pilot_01,1,abnormal,3,24,16448,997,1789344937.804492
abnormal_pilot_01,1,abnormal,3,25,16400,998,1789344937.804492
abnormal_pilot_01,1,abnormal,3,26,16424,999,1789344937.804492
abnormal_pilot_01,1,abnormal,3,27,16408,1001,1789344937.804492
abnormal_pilot_01,1,abnormal,3,28,16372,998,1789344937.804492
abnormal_pilot_01,1,abnormal,3,29,16388,997,1789344937.804492
abnormal_pilot_01,1,abnormal,3,30,16396,1000,1789344937.804492
abnormal_pilot_01,1,abnormal,3,31,16412,1000,1789344937.804492
abnormal_pilot_01,1,abnormal,3,32,16420,999,1789344937.804492
abnormal_pilot_01,1,abnormal,3,33,16484,997,1789344937.804492
abnormal_pilot_01,1,abnormal,3,34,16424,1000,1789344937.804492
abnormal_pilot_01,1,abnormal,3,35,16380,998,1789344937.804492
abnormal_pilot_01,1,abnormal,3,36,16428,998,1789344937.804492
abnormal_pilot_01,1,abnormal,3,37,16468,1000,1789344937.804492
abnormal_pilot_01,1,abnormal,3,38,16472,998,1789344937.804492
abnormal_pilot_01,1,abnormal,3,39,16360,1001,1789344937.804492
abnormal_pilot_01,1,abnormal,3,40,16380,998,1789344937.804492
abnormal_pilot_01,1,abnormal,3,41,16372,999,1789344937.804492
abnormal_pilot_01,1,abnormal,3,42,16408,996,1789344937.804492
abnormal_pilot_01,1,abnormal,3,43,16416,998,1789344937.804492
abnormal_pilot_01,1,abnormal,3,44,16408,1003,1789344937.804492
abnormal_pilot_01,1,abnormal,3,45,16496,998,1789344937.804492
abnormal_pilot_01,1,abnormal,3,46,16428,998,1789344937.804492
abnormal_pilot_01,1,abnormal,3,47,16428,996,1789344937.804492
abnormal_pilot_01,1,abnormal,3,48,16376,1000,1789344937.804492
abnormal_pilot_01,1,abnormal,3,49,16432,1001,1789344937.804492
abnormal_pilot_01,1,abnormal,3,50,16428,996,1789344937.804492
abnormal_pilot_01,1,abnormal,3,51,16472,1000,1789344937.804492
abnormal_pilot_01,1,abnormal,3,52,16460,1000,1789344937.804492
abnormal_pilot_01,1,abnormal,3,53,16484,995,1789344937.804492
abnormal_pilot_01,1,abnormal,3,54,16380,1002,1789344937.804492
abnormal_pilot_01,1,abnormal,3,55,16444,996,1789344937.804492
abnormal_pilot_01,1,abnormal,3,56,16436,1002,1789344937.804492
abnormal_pilot_01,1,abnormal,3,57,16392,996,1789344937.804492
abnormal_pilot_01,1,abnormal,3,58,16396,998,1789344937.804492
abnormal_pilot_01,1,abnormal,3,59,16456,1000,1789344937.804492
abnormal_pilot_01,1,abnormal,3,60,16416,997,1789344937.804492
abnormal_pilot_01,1,abnormal,3,61,16420,1003,1789344937.804492
abnormal_pilot_01,1,abnormal,3,62,16440,996,1789344937.804492
abnormal_pilot_01,1,abnormal,3,63,16452,999,1789344937.804492
abnormal_pilot_01,1,abnormal,4,0,16364,0,1789344938.188708
abnormal_pilot_01,1,abnormal,4,1,16484,1000,1789344938.188708
abnormal_pilot_01,1,abnormal,4,2,16412,996,1789344938.188708
abnormal_pilot_01,1,abnormal,4,3,16456,1000,1789344938.188708
abnormal_pilot_01,1,abnormal,4,4,16480,1000,1789344938.188708
abnormal_pilot_01,1,abnormal,4,5,16436,998,1789344938.188708
abnormal_pilot_01,1,abnormal,4,6,16396,1001,1789344938.188708
abnormal_pilot_01,1,abnormal,4,7,16424,997,1789344938.188708
abnormal_pilot_01,1,abnormal,4,8,16436,999,1789344938.188708
abnormal_pilot_01,1,abnormal,4,9,16396,996,1789344938.188708
abnormal_pilot_01,1,abnormal,4,10,16352,1002,1789344938.188708
abnormal_pilot_01,1,abnormal,4,11,16440,1000,1789344938.188708
abnormal_pilot_01,1,abnormal,4,12,16384,997,1789344938.188708
abnormal_pilot_01,1,abnormal,4,13,16428,999,1789344938.188708
abnormal_pilot_01,1,abnormal,4,14,16432,997,1789344938.188708
abnormal_pilot_01,1,abnormal,4,15,16436,1003,1789344938.188708
abnormal_pilot_01,1,abnormal,4,16,16500,996,1789344938.188708
abnormal_pilot_01,1,abnormal,4,17,16396,1001,1789344938.188708
abnormal_pilot_01,1,abnormal,4,18,16468,998,1789344938.188708
abnormal_pilot_01,1,abnormal,4,19,16416,996,1789344938.188708
abnormal_pilot_01,1,abnormal,4,20,16496,1001,1789344938.188708
abnormal_pilot_01,1,abnormal,4,21,16388,998,1789344938.188708
abnormal_pilot_01,1,abnormal,4,22,16476,997,1789344938.188708
abnormal_pilot_01,1,abnormal,4,23,16452,1001,1789344938.188708
abnormal_pilot_01,1,abnormal,4,24,16380,999,1789344938.188708
abnormal_pilot_01,1,abnormal,4,25,16384,1000,1789344938.188708
abnormal_pilot_01,1,abnormal,4,26,16376,998,1789344938.188708
abnormal_pilot_01,1,abnormal,4,27,16408,997,1789344938.188708
abnormal_pilot_01,1,abnormal,4,28,16440,1001,1789344938.188708
abnormal_pilot_01,1,abnormal,4,29,16424,999,1789344938.188708
abnormal_pilot_01,1,abnormal,4,30,16424,1000,1789344938.188708
abnormal_pilot_01,1,abnormal,4,31,16484,998,1789344938.188708
abnormal_pilot_01,1,abnormal,4,32,16444,999,1789344938.188708
abnormal_pilot_01,1,abnormal,4,33,16436,996,1789344938.188708
abnormal_pilot_01,1,abnormal,4,34,16368,1004,1789344938.188708
abnormal_pilot_01,1,abnormal,4,35,16404,997,1789344938.188708
abnormal_pilot_01,1,abnormal,4,36,16380,997,1789344938.188708
abnormal_pilot_01,1,abnormal,4,37,16468,1002,1789344938.188708
abnormal_pilot_01,1,abnormal,4,38,16412,998,1789344938.188708
abnormal_pilot_01,1,abnormal,4,39,16384,1000,1789344938.188708
abnormal_pilot_01,1,abnormal,4,40,16396,996,1789344938.188708
abnormal_pilot_01,1,abnormal,4,41,16432,998,1789344938.188708
abnormal_pilot_01,1,abnormal,4,42,16428,1001,1789344938.188708
abnormal_pilot_01,1,abnormal,4,43,16388,997,1789344938.188708
abnormal_pilot_01,1,abnormal,4,44,16412,1002,1789344938.188708
abnormal_pilot_01,1,abnormal,4,45,16464,998,1789344938.188708
abnormal_pilot_01,1,abnormal,4,46,16432,998,1789344938.188708
abnormal_pilot_01,1,abnormal,4,47,16416,998,1789344938.188708
abnormal_pilot_01,1,abnormal,4,48,16516,1001,1789344938.188708
abnormal_pilot_01,1,abnormal,4,49,16424,1000,1789344938.188708
abnormal_pilot_01,1,abnormal,4,50,16364,997,1789344938.188708
abnormal_pilot_01,1,abnormal,4,51,16396,997,1789344938.188708
abnormal_pilot_01,1,abnormal,4,52,16452,1001,1789344938.188708
abnormal_pilot_01,1,abnormal,4,53,16376,1000,1789344938.188708
abnormal_pilot_01,1,abnormal,4,54,16392,1000,1789344938.188708
abnormal_pilot_01,1,abnormal,4,55,16396,999,1789344938.188708
abnormal_pilot_01,1,abnormal,4,56,16396,994,1789344938.188708
abnormal_pilot_01,1,abnormal,4,57,16372,999,1789344938.188708
abnormal_pilot_01,1,abnormal,4,58,16420,1002,1789344938.188708
abnormal_pilot_01,1,abnormal,4,59,16368,999,1789344938.188708
abnormal_pilot_01,1,abnormal,4,60,16508,1001,1789344938.188708
abnormal_pilot_01,1,abnormal,4,61,16444,997,1789344938.188708
abnormal_pilot_01,1,abnormal,4,62,16488,996,1789344938.188708
abnormal_pilot_01,1,abnormal,4,63,16436,999,1789344938.188708
abnormal_pilot_01,1,abnormal,5,0,16504,0,1789344938.572625
abnormal_pilot_01,1,abnormal,5,1,16372,1000,1789344938.572625
abnormal_pilot_01,1,abnormal,5,2,16412,999,1789344938.572625
abnormal_pilot_01,1,abnormal,5,3,16444,999,1789344938.572625
abnormal_pilot_01,1,abnormal,5,4,16400,996,1789344938.572625
abnormal_pilot_01,1,abnormal,5,5,16424,999,1789344938.572625
abnormal_pilot_01,1,abnormal,5,6,16348,1000,1789344938.572625
abnormal_pilot_01,1,abnormal,5,7,16380,998,1789344938.572625
abnormal_pilot_01,1,abnormal,5,8,16340,1000,1789344938.572625
abnormal_pilot_01,1,abnormal,5,9,16380,997,1789344938.572625
abnormal_pilot_01,1,abnormal,5,10,16384,1000,1789344938.572625
abnormal_pilot_01,1,abnormal,5,11,16408,999,1789344938.572625
abnormal_pilot_01,1,abnormal,5,12,16520,999,1789344938.572625
abnormal_pilot_01,1,abnormal,5,13,16428,997,1789344938.572625
abnormal_pilot_01,1,abnormal,5,14,16436,1000,1789344938.572625
abnormal_pilot_01,1,abnormal,5,15,16420,999,1789344938.572625
abnormal_pilot_01,1,abnormal,5,16,16412,1000,1789344938.572625
abnormal_pilot_01,1,abnormal,5,17,16428,996,1789344938.572625
abnormal_pilot_01,1,abnormal,5,18,16444,999,1789344938.572625
abnormal_pilot_01,1,abnormal,5,19,16368,1002,1789344938.572625
abnormal_pilot_01,1,abnormal,5,20,16364,996,1789344938.572625
abnormal_pilot_01,1,abnormal,5,21,16464,1002,1789344938.572625
abnormal_pilot_01,1,abnormal,5,22,16436,995,1789344938.572625
abnormal_pilot_01,1,abnormal,5,23,16412,999,1789344938.572625
abnormal_pilot_01,1,abnormal,5,24,16448,999,1789344938.572625
abnormal_pilot_01,1,abnormal,5,25,16488,999,1789344938.572625
abnormal_pilot_01,1,abnormal,5,26,16420,1000,1789344938.572625
abnormal_pilot_01,1,abnormal,5,27,16396,1003,1789344938.572625
abnormal_pilot_01,1,abnormal,5,28,16408,998,1789344938.572625
abnormal_pilot_01,1,abnormal,5,29,16468,995,1789344938.572625
abnormal_pilot_01,1,abnormal,5,30,16416,1000,1789344938.572625
abnormal_pilot_01,1,abnormal,5,31,16420,1001,1789344938.572625
abnormal_pilot_01,1,abnormal,5,32,16408,996,1789344938.572625
abnormal_pilot_01,1,abnormal,5,33,16456,1001,1789344938.572625
abnormal_pilot_01,1,abnormal,5,34,16400,1001,1789344938.572625
abnormal_pilot_01,1,abnormal,5,35,16396,996,1789344938.572625
abnormal_pilot_01,1,abnormal,5,36,16432,998,1789344938.572625
abnormal_pilot_01,1,abnormal,5,37,16420,999,1789344938.572625
abnormal_pilot_01,1,abnormal,5,38,16396,1000,1789344938.572625
abnormal_pilot_01,1,abnormal,5,39,16376,996,1789344938.572625
abnormal_pilot_01,1,abnormal,5,40,16496,1003,1789344938.572625
abnormal_pilot_01,1,abnormal,5,41,16456,999,1789344938.572625
abnormal_pilot_01,1,abnormal,5,42,16456,996,1789344938.572625
abnormal_pilot_01,1,abnormal,5,43,16364,997,1789344938.572625
abnormal_pilot_01,1,abnormal,5,44,16480,1004,1789344938.572625
abnormal_pilot_01,1,abnormal,5,45,16312,999,1789344938.572625
abnormal_pilot_01,1,abnormal,5,46,16388,998,1789344938.572625
abnormal_pilot_01,1,abnormal,5,47,16392,1000,1789344938.572625
abnormal_pilot_01,1,abnormal,5,48,16440,994,1789344938.572625
abnormal_pilot_01,1,abnormal,5,49,16440,1000,1789344938.572625
abnormal_pilot_01,1,abnormal,5,50,16456,997,1789344938.572625
abnormal_pilot_01,1,abnormal,5,51,16428,1000,1789344938.572625
abnormal_pilot_01,1,abnormal,5,52,16432,1000,1789344938.572625
abnormal_pilot_01,1,abnormal,5,53,16448,999,1789344938.572625
abnormal_pilot_01,1,abnormal,5,54,16468,996,1789344938.572625
abnormal_pilot_01,1,abnormal,5,55,16424,999,1789344938.572625
abnormal_pilot_01,1,abnormal,5,56,16452,1000,1789344938.572625
abnormal_pilot_01,1,abnormal,5,57,16384,1000,1789344938.572625
abnormal_pilot_01,1,abnormal,5,58,16400,1000,1789344938.572625
abnormal_pilot_01,1,abnormal,5,59,16416,996,1789344938.572625
abnormal_pilot_01,1,abnormal,5,60,16380,999,1789344938.572625
abnormal_pilot_01,1,abnormal,5,61,16468,998,1789344938.572625
abnormal_pilot_01,1,abnormal,5,62,16460,998,1789344938.572625
abnormal_pilot_01,1,abnormal,5,63,16420,1001,1789344938.572625
abnormal_pilot_01,1,abnormal,6,0,16332,0,1789344938.956616
abnormal_pilot_01,1,abnormal,6,1,16472,998,1789344938.956616
abnormal_pilot_01,1,abnormal,6,2,16408,1002,1789344938.956616
abnormal_pilot_01,1,abnormal,6,3,16440,999,1789344938.956616
abnormal_pilot_01,1,abnormal,6,4,16396,996,1789344938.956616
abnormal_pilot_01,1,abnormal,6,5,16452,1000,1789344938.956616
abnormal_pilot_01,1,abnormal,6,6,16432,997,1789344938.956616
abnormal_pilot_01,1,abnormal,6,7,16376,999,1789344938.956616
abnormal_pilot_01,1,abnormal,6,8,16388,998,1789344938.956616
abnormal_pilot_01,1,abnormal,6,9,16432,1000,1789344938.956616
abnormal_pilot_01,1,abnormal,6,10,16368,999,1789344938.956616
abnormal_pilot_01,1,abnormal,6,11,16372,1001,1789344938.956616
abnormal_pilot_01,1,abnormal,6,12,16440,996,1789344938.956616
abnormal_pilot_01,1,abnormal,6,13,16448,1002,1789344938.956616
abnormal_pilot_01,1,abnormal,6,14,16412,996,1789344938.956616
abnormal_pilot_01,1,abnormal,6,15,16452,1000,1789344938.956616
abnormal_pilot_01,1,abnormal,6,16,16420,998,1789344938.956616
abnormal_pilot_01,1,abnormal,6,17,16456,1002,1789344938.956616
abnormal_pilot_01,1,abnormal,6,18,16432,998,1789344938.956616
abnormal_pilot_01,1,abnormal,6,19,16424,1000,1789344938.956616
abnormal_pilot_01,1,abnormal,6,20,16424,999,1789344938.956616
abnormal_pilot_01,1,abnormal,6,21,16500,998,1789344938.956616
abnormal_pilot_01,1,abnormal,6,22,16424,1000,1789344938.956616
abnormal_pilot_01,1,abnormal,6,23,16444,1000,1789344938.956616
abnormal_pilot_01,1,abnormal,6,24,16448,996,1789344938.956616
abnormal_pilot_01,1,abnormal,6,25,16480,998,1789344938.956616
abnormal_pilot_01,1,abnormal,6,26,16396,1001,1789344938.956616
abnormal_pilot_01,1,abnormal,6,27,16408,1000,1789344938.956616
abnormal_pilot_01,1,abnormal,6,28,16364,997,1789344938.956616
abnormal_pilot_01,1,abnormal,6,29,16432,997,1789344938.956616
abnormal_pilot_01,1,abnormal,6,30,16468,998,1789344938.956616
abnormal_pilot_01,1,abnormal,6,31,16440,1000,1789344938.956616
abnormal_pilot_01,1,abnormal,6,32,16420,1000,1789344938.956616
abnormal_pilot_01,1,abnormal,6,33,16464,1001,1789344938.956616
abnormal_pilot_01,1,abnormal,6,34,16384,994,1789344938.956616
abnormal_pilot_01,1,abnormal,6,35,16416,1003,1789344938.956616
abnormal_pilot_01,1,abnormal,6,36,16400,998,1789344938.956616
abnormal_pilot_01,1,abnormal,6,37,16384,998,1789344938.956616
abnormal_pilot_01,1,abnormal,6,38,16452,999,1789344938.956616
abnormal_pilot_01,1,abnormal,6,39,16436,1000,1789344938.956616
abnormal_pilot_01,1,abnormal,6,40,16456,1001,1789344938.956616
abnormal_pilot_01,1,abnormal,6,41,16444,998,1789344938.956616
abnormal_pilot_01,1,abnormal,6,42,16424,996,1789344938.956616
abnormal_pilot_01,1,abnormal,6,43,16364,1000,1789344938.956616
abnormal_pilot_01,1,abnormal,6,44,16444,1000,1789344938.956616
abnormal_pilot_01,1,abnormal,6,45,16372,999,1789344938.956616
abnormal_pilot_01,1,abnormal,6,46,16400,999,1789344938.956616
abnormal_pilot_01,1,abnormal,6,47,16432,996,1789344938.956616
abnormal_pilot_01,1,abnormal,6,48,16384,1004,1789344938.956616
abnormal_pilot_01,1,abnormal,6,49,16444,998,1789344938.956616
abnormal_pilot_01,1,abnormal,6,50,16500,995,1789344938.956616
abnormal_pilot_01,1,abnormal,6,51,16452,1002,1789344938.956616
abnormal_pilot_01,1,abnormal,6,52,16428,999,1789344938.956616
abnormal_pilot_01,1,abnormal,6,53,16408,1000,1789344938.956616
abnormal_pilot_01,1,abnormal,6,54,16436,995,1789344938.956616
abnormal_pilot_01,1,abnormal,6,55,16400,1000,1789344938.956616
abnormal_pilot_01,1,abnormal,6,56,16436,1003,1789344938.956616
abnormal_pilot_01,1,abnormal,6,57,16456,997,1789344938.956616
abnormal_pilot_01,1,abnormal,6,58,16488,996,1789344938.956616
abnormal_pilot_01,1,abnormal,6,59,16392,1003,1789344938.956616
abnormal_pilot_01,1,abnormal,6,60,16428,995,1789344938.956616
abnormal_pilot_01,1,abnormal,6,61,16484,999,1789344938.956616
abnormal_pilot_01,1,abnormal,6,62,16476,1002,1789344938.956616
abnormal_pilot_01,1,abnormal,6,63,16440,998,1789344938.956616
abnormal_pilot_01,1,abnormal,7,0,16472,0,1789344939.340862
abnormal_pilot_01,1,abnormal,7,1,16372,1003,1789344939.340862
abnormal_pilot_01,1,abnormal,7,2,16396,998,1789344939.340862
abnormal_pilot_01,1,abnormal,7,3,16416,998,1789344939.340862
abnormal_pilot_01,1,abnormal,7,4,16388,1001,1789344939.340862
abnormal_pilot_01,1,abnormal,7,5,16436,999,1789344939.340862
abnormal_pilot_01,1,abnormal,7,6,16412,998,1789344939.340862
abnormal_pilot_01,1,abnormal,7,7,16440,996,1789344939.340862
abnormal_pilot_01,1,abnormal,7,8,16456,1001,1789344939.340862
abnormal_pilot_01,1,abnormal,7,9,16400,1000,1789344939.340862
abnormal_pilot_01,1,abnormal,7,10,16348,1000,1789344939.340862
abnormal_pilot_01,1,abnormal,7,11,16404,994,1789344939.340862
abnormal_pilot_01,1,abnormal,7,12,16292,1002,1789344939.340862
abnormal_pilot_01,1,abnormal,7,13,16444,999,1789344939.340862
abnormal_pilot_01,1,abnormal,7,14,16392,996,1789344939.340862
abnormal_pilot_01,1,abnormal,7,15,16468,1003,1789344939.340862
abnormal_pilot_01,1,abnormal,7,16,16360,994,1789344939.340862
abnormal_pilot_01,1,abnormal,7,17,16424,1004,1789344939.340862
abnormal_pilot_01,1,abnormal,7,18,16380,998,1789344939.340862
abnormal_pilot_01,1,abnormal,7,19,16388,1000,1789344939.340862
abnormal_pilot_01,1,abnormal,7,20,16392,995,1789344939.340862
abnormal_pilot_01,1,abnormal,7,21,16488,1000,1789344939.340862
abnormal_pilot_01,1,abnormal,7,22,16432,1001,1789344939.340862
abnormal_pilot_01,1,abnormal,7,23,16420,996,1789344939.340862
abnormal_pilot_01,1,abnormal,7,24,16456,998,1789344939.340862
abnormal_pilot_01,1,abnormal,7,25,16464,1003,1789344939.340862
abnormal_pilot_01,1,abnormal,7,26,16404,999,1789344939.340862
abnormal_pilot_01,1,abnormal,7,27,16408,995,1789344939.340862
abnormal_pilot_01,1,abnormal,7,28,16420,1000,1789344939.340862
abnormal_pilot_01,1,abnormal,7,29,16436,998,1789344939.340862
abnormal_pilot_01,1,abnormal,7,30,16364,998,1789344939.340862
abnormal_pilot_01,1,abnormal,7,31,16432,1001,1789344939.340862
abnormal_pilot_01,1,abnormal,7,32,16424,999,1789344939.340862
abnormal_pilot_01,1,abnormal,7,33,16504,997,1789344939.340862
abnormal_pilot_01,1,abnormal,7,34,16408,1001,1789344939.340862
abnormal_pilot_01,1,abnormal,7,35,16440,998,1789344939.340862
abnormal_pilot_01,1,abnormal,7,36,16408,1001,1789344939.340862
abnormal_pilot_01,1,abnormal,7,37,16388,1000,1789344939.340862
abnormal_pilot_01,1,abnormal,7,38,16372,997,1789344939.340862
abnormal_pilot_01,1,abnormal,7,39,16448,999,1789344939.340862
abnormal_pilot_01,1,abnormal,7,40,16452,995,1789344939.340862
abnormal_pilot_01,1,abnormal,7,41,16412,1000,1789344939.340862
abnormal_pilot_01,1,abnormal,7,42,16416,1002,1789344939.340862
abnormal_pilot_01,1,abnormal,7,43,16380,997,1789344939.340862
abnormal_pilot_01,1,abnormal,7,44,16408,995,1789344939.340862
abnormal_pilot_01,1,abnormal,7,45,16416,1001,1789344939.340862
abnormal_pilot_01,1,abnormal,7,46,16352,1001,1789344939.340862
abnormal_pilot_01,1,abnormal,7,47,16428,999,1789344939.340862
abnormal_pilot_01,1,abnormal,7,48,16404,999,1789344939.340862
abnormal_pilot_01,1,abnormal,7,49,16356,996,1789344939.340862
abnormal_pilot_01,1,abnormal,7,50,16436,1001,1789344939.340862
abnormal_pilot_01,1,abnormal,7,51,16428,1001,1789344939.340862
abnormal_pilot_01,1,abnormal,7,52,16380,994,1789344939.340862
abnormal_pilot_01,1,abnormal,7,53,16364,1002,1789344939.340862
abnormal_pilot_01,1,abnormal,7,54,16404,996,1789344939.340862
abnormal_pilot_01,1,abnormal,7,55,16448,998,1789344939.340862
abnormal_pilot_01,1,abnormal,7,56,16376,999,1789344939.340862
abnormal_pilot_01,1,abnormal,7,57,16420,1003,1789344939.340862
abnormal_pilot_01,1,abnormal,7,58,16444,997,1789344939.340862
abnormal_pilot_01,1,abnormal,7,59,16444,999,1789344939.340862
abnormal_pilot_01,1,abnormal,7,60,16432,999,1789344939.340862
abnormal_pilot_01,1,abnormal,7,61,16380,998,1789344939.340862
abnormal_pilot_01,1,abnormal,7,62,16492,1000,1789344939.340862
abnormal_pilot_01,1,abnormal,7,63,16400,997,1789344939.340862
abnormal_pilot_01,1,abnormal,8,0,16416,0,1789344939.724813
abnormal_pilot_01,1,abnormal,8,1,16372,996,1789344939.724813
abnormal_pilot_01,1,abnormal,8,2,16460,1003,1789344939.724813
abnormal_pilot_01,1,abnormal,8,3,16376,994,1789344939.724813
abnormal_pilot_01,1,abnormal,8,4,16408,1004,1789344939.724813
abnormal_pilot_01,1,abnormal,8,5,16436,995,1789344939.724813
abnormal_pilot_01,1,abnormal,8,6,16404,1002,1789344939.724813
abnormal_pilot_01,1,abnormal,8,7,16376,998,1789344939.724813
abnormal_pilot_01,1,abnormal,8,8,16432,1000,1789344939.724813
abnormal_pilot_01,1,abnormal,8,9,16444,998,1789344939.724813
abnormal_pilot_01,1,abnormal,8,10,16432,999,1789344939.724813
abnormal_pilot_01,1,abnormal,8,11,16404,1000,1789344939.724813
abnormal_pilot_01,1,abnormal,8,12,16364,997,1789344939.724813
abnormal_pilot_01,1,abnormal,8,13,16424,1000,1789344939.724813
abnormal_pilot_01,1,abnormal,8,14,16416,998,1789344939.724813
abnormal_pilot_01,1,abnormal,8,15,16380,1000,1789344939.724813
abnormal_pilot_01,1,abnormal,8,16,16484,995,1789344939.724813
abnormal_pilot_01,1,abnormal,8,17,16460,999,1789344939.724813
abnormal_pilot_01,1,abnormal,8,18,16432,1001,1789344939.724813
abnormal_pilot_01,1,abnormal,8,19,16416,997,1789344939.724813
abnormal_pilot_01,1,abnormal,8,20,16436,1001,1789344939.724813
abnormal_pilot_01,1,abnormal,8,21,16456,995,1789344939.724813
abnormal_pilot_01,1,abnormal,8,22,16368,1001,1789344939.724813
abnormal_pilot_01,1,abnormal,8,23,16440,1000,1789344939.724813
abnormal_pilot_01,1,abnormal,8,24,16416,994,1789344939.724813
abnormal_pilot_01,1,abnormal,8,25,16388,1000,1789344939.724813
abnormal_pilot_01,1,abnormal,8,26,16388,998,1789344939.724813
abnormal_pilot_01,1,abnormal,8,27,16468,1000,1789344939.724813
abnormal_pilot_01,1,abnormal,8,28,16456,1001,1789344939.724813
abnormal_pilot_01,1,abnormal,8,29,16448,1000,1789344939.724813
abnormal_pilot_01,1,abnormal,8,30,16372,998,1789344939.724813
abnormal_pilot_01,1,abnormal,8,31,16400,1000,1789344939.724813
abnormal_pilot_01,1,abnormal,8,32,16488,994,1789344939.724813
abnormal_pilot_01,1,abnormal,8,33,16420,1003,1789344939.724813
abnormal_pilot_01,1,abnormal,8,34,16396,999,1789344939.724813
abnormal_pilot_01,1,abnormal,8,35,16392,1000,1789344939.724813
abnormal_pilot_01,1,abnormal,8,36,16408,997,1789344939.724813
abnormal_pilot_01,1,abnormal,8,37,16428,1000,1789344939.724813
abnormal_pilot_01,1,abnormal,8,38,16476,996,1789344939.724813
abnormal_pilot_01,1,abnormal,8,39,16436,999,1789344939.724813
abnormal_pilot_01,1,abnormal,8,40,16460,997,1789344939.724813
abnormal_pilot_01,1,abnormal,8,41,16428,999,1789344939.724813
abnormal_pilot_01,1,abnormal,8,42,16432,1004,1789344939.724813
abnormal_pilot_01,1,abnormal,8,43,16404,1000,1789344939.724813
abnormal_pilot_01,1,abnormal,8,44,16436,994,1789344939.724813
abnormal_pilot_01,1,abnormal,8,45,16428,999,1789344939.724813
abnormal_pilot_01,1,abnormal,8,46,16432,999,1789344939.724813
abnormal_pilot_01,1,abnormal,8,47,16392,1000,1789344939.724813
abnormal_pilot_01,1,abnormal,8,48,16360,998,1789344939.724813
abnormal_pilot_01,1,abnormal,8,49,16416,999,1789344939.724813
abnormal_pilot_01,1,abnormal,8,50,16496,998,1789344939.724813
abnormal_pilot_01,1,abnormal,8,51,16436,998,1789344939.724813
abnormal_pilot_01,1,abnormal,8,52,16408,999,1789344939.724813
abnormal_pilot_01,1,abnormal,8,53,16388,1003,1789344939.724813
abnormal_pilot_01,1,abnormal,8,54,16440,997,1789344939.724813
abnormal_pilot_01,1,abnormal,8,55,16420,1000,1789344939.724813
abnormal_pilot_01,1,abnormal,8,56,16448,1000,1789344939.724813
abnormal_pilot_01,1,abnormal,8,57,16444,997,1789344939.724813
abnormal_pilot_01,1,abnormal,8,58,16460,999,1789344939.724813
abnormal_pilot_01,1,abnormal,8,59,16464,997,1789344939.724813
abnormal_pilot_01,1,abnormal,8,60,16444,1000,1789344939.724813
abnormal_pilot_01,1,abnormal,8,61,16380,1000,1789344939.724813
abnormal_pilot_01,1,abnormal,8,62,16424,999,1789344939.724813
abnormal_pilot_01,1,abnormal,8,63,16384,999,1789344939.724813
abnormal_pilot_01,1,abnormal,9,0,16416,0,1789344940.108544
abnormal_pilot_01,1,abnormal,9,1,16432,998,1789344940.108544
abnormal_pilot_01,1,abnormal,9,2,16400,1000,1789344940.108544
abnormal_pilot_01,1,abnormal,9,3,16344,997,1789344940.108544
abnormal_pilot_01,1,abnormal,9,4,16456,997,1789344940.108544
abnormal_pilot_01,1,abnormal,9,5,16420,1001,1789344940.108544
abnormal_pilot_01,1,abnormal,9,6,16400,996,1789344940.108544
abnormal_pilot_01,1,abnormal,9,7,16428,998,1789344940.108544
abnormal_pilot_01,1,abnormal,9,8,16432,1003,1789344940.108544
abnormal_pilot_01,1,abnormal,9,9,16444,996,1789344940.108544
abnormal_pilot_01,1,abnormal,9,10,16384,997,1789344940.108544
abnormal_pilot_01,1,abnormal,9,11,16420,1001,1789344940.108544
abnormal_pilot_01,1,abnormal,9,12,16420,1001,1789344940.108544
abnormal_pilot_01,1,abnormal,9,13,16384,995,1789344940.108544
abnormal_pilot_01,1,abnormal,9,14,16396,1004,1789344940.108544
abnormal_pilot_01,1,abnormal,9,15,16424,997,1789344940.108544
abnormal_pilot_01,1,abnormal,9,16,16388,995,1789344940.108544
abnormal_pilot_01,1,abnormal,9,17,16412,1003,1789344940.108544
abnormal_pilot_01,1,abnormal,9,18,16448,999,1789344940.108544
abnormal_pilot_01,1,abnormal,9,19,16444,998,1789344940.108544
abnormal_pilot_01,1,abnormal,9,20,16456,998,1789344940.108544
abnormal_pilot_01,1,abnormal,9,21,16492,996,1789344940.108544
abnormal_pilot_01,1,abnormal,9,22,16388,1003,1789344940.108544
abnormal_pilot_01,1,abnormal,9,23,16448,997,1789344940.108544
abnormal_pilot_01,1,abnormal,9,24,16420,996,1789344940.108544
abnormal_pilot_01,1,abnormal,9,25,16460,1002,1789344940.108544
abnormal_pilot_01,1,abnormal,9,26,16456,997,1789344940.108544
abnormal_pilot_01,1,abnormal,9,27,16372,1001,1789344940.108544
abnormal_pilot_01,1,abnormal,9,28,16420,998,1789344940.108544
abnormal_pilot_01,1,abnormal,9,29,16412,999,1789344940.108544
abnormal_pilot_01,1,abnormal,9,30,16428,999,1789344940.108544
abnormal_pilot_01,1,abnormal,9,31,16404,1002,1789344940.108544
abnormal_pilot_01,1,abnormal,9,32,16412,994,1789344940.108544
abnormal_pilot_01,1,abnormal,9,33,16472,1003,1789344940.108544
abnormal_pilot_01,1,abnormal,9,34,16408,998,1789344940.108544
abnormal_pilot_01,1,abnormal,9,35,16416,998,1789344940.108544
abnormal_pilot_01,1,abnormal,9,36,16444,1000,1789344940.108544
abnormal_pilot_01,1,abnormal,9,37,16424,998,1789344940.108544
abnormal_pilot_01,1,abnormal,9,38,16472,996,1789344940.108544
abnormal_pilot_01,1,abnormal,9,39,16464,1004,1789344940.108544
abnormal_pilot_01,1,abnormal,9,40,16376,997,1789344940.108544
abnormal_pilot_01,1,abnormal,9,41,16456,999,1789344940.108544
abnormal_pilot_01,1,abnormal,9,42,16392,999,1789344940.108544
abnormal_pilot_01,1,abnormal,9,43,16396,1000,1789344940.108544
abnormal_pilot_01,1,abnormal,9,44,16420,994,1789344940.108544
abnormal_pilot_01,1,abnormal,9,45,16428,1003,1789344940.108544
abnormal_pilot_01,1,abnormal,9,46,16424,998,1789344940.108544
abnormal_pilot_01,1,abnormal,9,47,16384,997,1789344940.108544
abnormal_pilot_01,1,abnormal,9,48,16436,1002,1789344940.108544
abnormal_pilot_01,1,abnormal,9,49,16440,999,1789344940.108544
abnormal_pilot_01,1,abnormal,9,50,16424,996,1789344940.108544
abnormal_pilot_01,1,abnormal,9,51,16468,996,1789344940.108544
abnormal_pilot_01,1,abnormal,9,52,16408,1003,1789344940.108544
abnormal_pilot_01,1,abnormal,9,53,16460,995,1789344940.108544
abnormal_pilot_01,1,abnormal,9,54,16396,1000,1789344940.108544
abnormal_pilot_01,1,abnormal,9,55,16388,1000,1789344940.108544
abnormal_pilot_01,1,abnormal,9,56,16408,995,1789344940.108544
abnormal_pilot_01,1,abnormal,9,57,16428,1001,1789344940.108544
abnormal_pilot_01,1,abnormal,9,58,16420,1001,1789344940.108544
abnormal_pilot_01,1,abnormal,9,59,16420,998,1789344940.108544
abnormal_pilot_01,1,abnormal,9,60,16368,997,1789344940.108544
abnormal_pilot_01,1,abnormal,9,61,16460,1001,1789344940.108544
abnormal_pilot_01,1,abnormal,9,62,16412,998,1789344940.108544
abnormal_pilot_01,1,abnormal,9,63,16380,996,1789344940.108544
