host_time_s,line
1789178609.903900,"RESULT,benchmark,0,849,833,18,26,1,92,11,4,3,84,74,0,0,127,-128"
1789178609.904243,"RESULT,benchmark,1,852,833,18,26,1,87,79,20,15,0,0,0,127,-128,122"
1789178609.919949,"RESULT,benchmark,0,850,833,18,26,1,92,11,4,3,84,74,0,0,127,-128"
1789178609.920290,"RESULT,benchmark,1,850,833,18,27,1,87,79,20,15,0,0,0,127,-128,122"
1789178609.935668,"RESULT,benchmark,0,850,833,18,26,1,92,11,4,3,84,74,0,0,127,-128"
1789178609.935999,"RESULT,benchmark,1,850,833,18,27,1,87,79,20,15,0,0,0,127,-128,122"
1789178609.936356,"RESULT,benchmark,0,851,833,18,27,1,92,11,4,3,84,74,0,0,127,-128"
1789178609.951810,"RESULT,benchmark,1,851,833,18,26,1,87,79,20,15,0,0,0,127,-128,122"
1789178609.952123,"RESULT,benchmark,0,850,833,18,26,1,92,11,4,3,84,74,0,0,127,-128"
1789178609.952430,"RESULT,benchmark,1,850,833,18,26,1,87,79,20,15,0,0,0,127,-128,122"
1789178609.967840,"RESULT,benchmark,0,850,833,18,26,1,92,11,4,3,84,74,0,0,127,-128"
1789178609.968307,"RESULT,benchmark,1,850,833,18,26,1,87,79,20,15,0,0,0,127,-128,122"
1789178609.968616,"RESULT,benchmark,0,850,833,18,26,1,92,11,4,3,84,74,0,0,127,-128"
1789178609.983995,"RESULT,benchmark,1,851,833,18,27,1,87,79,20,15,0,0,0,127,-128,122"
1789178609.984319,"RESULT,benchmark,0,850,833,18,26,1,92,11,4,3,84,74,0,0,127,-128"
1789178609.999705,"RESULT,benchmark,1,850,833,18,26,1,87,79,20,15,0,0,0,127,-128,122"
1789178610.000021,"RESULT,benchmark,0,850,833,18,26,1,92,11,4,3,84,74,0,0,127,-128"
1789178610.000329,"RESULT,benchmark,1,851,833,18,26,1,87,79,20,15,0,0,0,127,-128,122"
1789178610.015776,"RESULT,benchmark,0,850,833,18,26,1,92,11,4,3,84,74,0,0,127,-128"
1789178610.016106,"RESULT,benchmark,1,849,833,18,27,1,87,79,20,15,0,0,0,127,-128,122"
1789178610.016407,"RESULT,benchmark,0,850,833,18,27,1,92,11,4,3,84,74,0,0,127,-128"
1789178610.031842,"RESULT,benchmark,1,851,833,18,26,1,87,79,20,15,0,0,0,127,-128,122"
1789178610.032146,"RESULT,benchmark,0,850,833,18,26,1,92,11,4,3,84,74,0,0,127,-128"
1789178610.032450,"RESULT,benchmark,1,850,833,18,26,1,87,79,20,15,0,0,0,127,-128,122"
1789178610.048129,"RESULT,benchmark,0,850,833,18,27,1,92,11,4,3,84,74,0,0,127,-128"
1789178610.048584,"RESULT,benchmark,1,850,833,18,27,1,87,79,20,15,0,0,0,127,-128,122"
1789178610.063703,"RESULT,benchmark,0,850,833,18,26,1,92,11,4,3,84,74,0,0,127,-128"
1789178610.064029,"RESULT,benchmark,1,850,833,18,27,1,87,79,20,15,0,0,0,127,-128,122"
1789178610.064431,"RESULT,benchmark,0,850,833,18,26,1,92,11,4,3,84,74,0,0,127,-128"
1789178610.079904,"RESULT,benchmark,1,850,833,18,26,1,87,79,20,15,0,0,0,127,-128,122"
1789178610.080348,"RESULT,benchmark,0,851,833,18,26,1,92,11,4,3,84,74,0,0,127,-128"
1789178610.080641,"RESULT,benchmark,1,851,833,18,26,1,87,79,20,15,0,0,0,127,-128,122"
1789178610.095830,"RESULT,benchmark,0,850,833,18,27,1,92,11,4,3,84,74,0,0,127,-128"
1789178610.096144,"RESULT,benchmark,1,850,833,18,26,1,87,79,20,15,0,0,0,127,-128,122"
1789178610.096435,"RESULT,benchmark,0,850,833,18,27,1,92,11,4,3,84,74,0,0,127,-128"
1789178610.112094,"RESULT,benchmark,1,850,833,18,27,1,87,79,20,15,0,0,0,127,-128,122"
1789178610.112451,"RESULT,benchmark,0,850,833,18,26,1,92,11,4,3,84,74,0,0,127,-128"
1789178610.127738,"RESULT,benchmark,1,850,833,18,26,1,87,79,20,15,0,0,0,127,-128,122"
1789178610.128071,"RESULT,benchmark,0,850,833,18,26,1,92,11,4,3,84,74,0,0,127,-128"
1789178610.128376,"RESULT,benchmark,1,850,833,18,26,1,87,79,20,15,0,0,0,127,-128,122"
1789178610.143812,"RESULT,benchmark,0,850,833,18,26,1,92,11,4,3,84,74,0,0,127,-128"
1789178610.144155,"RESULT,benchmark,1,850,833,18,26,1,87,79,20,15,0,0,0,127,-128,122"
1789178610.144456,"RESULT,benchmark,0,850,833,18,27,1,92,11,4,3,84,74,0,0,127,-128"
1789178610.159992,"RESULT,benchmark,1,851,833,18,26,1,87,79,20,15,0,0,0,127,-128,122"
1789178610.160424,"RESULT,benchmark,0,850,833,18,26,1,92,11,4,3,84,74,0,0,127,-128"
1789178610.160724,"RESULT,benchmark,1,850,833,18,26,1,87,79,20,15,0,0,0,127,-128,122"
1789178610.176008,"RESULT,benchmark,0,850,833,18,26,1,92,11,4,3,84,74,0,0,127,-128"
1789178610.176600,"RESULT,benchmark,1,850,833,18,27,1,87,79,20,15,0,0,0,127,-128,122"
1789178610.191703,"RESULT,benchmark,0,850,833,18,26,1,92,11,4,3,84,74,0,0,127,-128"
1789178610.192048,"RESULT,benchmark,1,850,833,18,26,1,87,79,20,15,0,0,0,127,-128,122"
1789178610.192606,"RESULT,benchmark,0,850,833,18,26,1,92,11,4,3,84,74,0,0,127,-128"
1789178610.207966,"RESULT,benchmark,1,850,833,18,26,1,87,79,20,15,0,0,0,127,-128,122"
1789178610.208544,"RESULT,benchmark,0,850,833,18,26,1,92,11,4,3,84,74,0,0,127,-128"
1789178610.208953,"RESULT,benchmark,1,850,833,18,26,1,87,79,20,15,0,0,0,127,-128,122"
1789178610.223858,"RESULT,benchmark,0,850,833,18,26,1,92,11,4,3,84,74,0,0,127,-128"
1789178610.224172,"RESULT,benchmark,1,850,833,18,26,1,87,79,20,15,0,0,0,127,-128,122"
1789178610.224703,"RESULT,benchmark,0,850,833,18,26,1,92,11,4,3,84,74,0,0,127,-128"
1789178610.239952,"RESULT,benchmark,1,850,833,18,26,1,87,79,20,15,0,0,0,127,-128,122"
1789178610.240265,"RESULT,benchmark,0,850,833,18,26,1,92,11,4,3,84,74,0,0,127,-128"
1789178610.255757,"RESULT,benchmark,1,850,833,18,27,1,87,79,20,15,0,0,0,127,-128,122"
1789178610.256062,"RESULT,benchmark,0,850,833,18,26,1,92,11,4,3,84,74,0,0,127,-128"
1789178610.256363,"RESULT,benchmark,1,851,833,18,26,1,87,79,20,15,0,0,0,127,-128,122"
1789178610.271830,"RESULT,benchmark,0,851,833,18,26,1,92,11,4,3,84,74,0,0,127,-128"
1789178610.272143,"RESULT,benchmark,1,850,833,18,26,1,87,79,20,15,0,0,0,127,-128,122"
1789178610.272439,"RESULT,benchmark,0,850,833,18,26,1,92,11,4,3,84,74,0,0,127,-128"
1789178610.287959,"RESULT,benchmark,1,850,833,18,26,1,87,79,20,15,0,0,0,127,-128,122"
1789178610.288326,"RESULT,benchmark,0,850,833,18,27,1,92,11,4,3,84,74,0,0,127,-128"
1789178610.288694,"RESULT,benchmark,1,850,833,18,26,1,87,79,20,15,0,0,0,127,-128,122"
1789178610.304238,"RESULT,benchmark,0,850,833,18,26,1,92,11,4,3,84,74,0,0,127,-128"
1789178610.304770,"RESULT,benchmark,1,851,833,18,27,1,87,79,20,15,0,0,0,127,-128,122"
1789178610.319835,"RESULT,benchmark,0,850,833,18,26,1,92,11,4,3,84,74,0,0,127,-128"
1789178610.320529,"RESULT,benchmark,1,850,833,18,26,1,87,79,20,15,0,0,0,127,-128,122"
1789178610.321159,"RESULT,benchmark,0,850,833,18,26,1,92,11,4,3,84,74,0,0,127,-128"
1789178610.336056,"RESULT,benchmark,1,851,833,18,26,1,87,79,20,15,0,0,0,127,-128,122"
1789178610.337198,"RESULT,benchmark,0,850,833,18,27,1,92,11,4,3,84,74,0,0,127,-128"
1789178610.338311,"RESULT,benchmark,1,850,833,18,26,1,87,79,20,15,0,0,0,127,-128,122"
1789178610.352361,"RESULT,benchmark,0,850,833,18,27,1,92,11,4,3,84,74,0,0,127,-128"
1789178610.353069,"RESULT,benchmark,1,850,833,18,26,1,87,79,20,15,0,0,0,127,-128,122"
1789178610.353734,"RESULT,benchmark,0,850,833,18,26,1,92,11,4,3,84,74,0,0,127,-128"
1789178610.368686,"RESULT,benchmark,1,851,833,18,27,1,87,79,20,15,0,0,0,127,-128,122"
1789178610.369413,"RESULT,benchmark,0,850,833,18,26,1,92,11,4,3,84,74,0,0,127,-128"
1789178610.383791,"RESULT,benchmark,1,850,833,18,27,1,87,79,20,15,0,0,0,127,-128,122"
1789178610.384544,"RESULT,benchmark,0,850,833,18,26,1,92,11,4,3,84,74,0,0,127,-128"
1789178610.385195,"RESULT,benchmark,1,850,833,18,26,1,87,79,20,15,0,0,0,127,-128,122"
1789178610.400029,"RESULT,benchmark,0,851,833,18,27,1,92,11,4,3,84,74,0,0,127,-128"
1789178610.400770,"RESULT,benchmark,1,850,833,18,26,1,87,79,20,15,0,0,0,127,-128,122"
1789178610.401453,"RESULT,benchmark,0,850,833,18,27,1,92,11,4,3,84,74,0,0,127,-128"
1789178610.416160,"RESULT,benchmark,1,850,833,18,26,1,87,79,20,15,0,0,0,127,-128,122"
1789178610.416825,"RESULT,benchmark,0,850,833,18,26,1,92,11,4,3,84,74,0,0,127,-128"
1789178610.417547,"RESULT,benchmark,1,850,833,18,26,1,87,79,20,15,0,0,0,127,-128,122"
1789178610.432287,"RESULT,benchmark,0,850,833,18,27,1,92,11,4,3,84,74,0,0,127,-128"
1789178610.432953,"RESULT,benchmark,1,850,833,18,26,1,87,79,20,15,0,0,0,127,-128,122"
1789178610.447830,"RESULT,benchmark,0,850,833,18,26,1,92,11,4,3,84,74,0,0,127,-128"
1789178610.448511,"RESULT,benchmark,1,850,833,18,27,1,87,79,20,15,0,0,0,127,-128,122"
1789178610.449126,"RESULT,benchmark,0,850,833,18,27,1,92,11,4,3,84,74,0,0,127,-128"
1789178610.463901,"RESULT,benchmark,1,851,833,18,26,1,87,79,20,15,0,0,0,127,-128,122"
1789178610.464618,"RESULT,benchmark,0,850,833,18,27,1,92,11,4,3,84,74,0,0,127,-128"
1789178610.465305,"RESULT,benchmark,1,850,833,18,26,1,87,79,20,15,0,0,0,127,-128,122"
1789178610.480182,"RESULT,benchmark,0,851,833,18,26,1,92,11,4,3,84,74,0,0,127,-128"
1789178610.480855,"RESULT,benchmark,1,850,833,18,27,1,87,79,20,15,0,0,0,127,-128,122"
